ProcessId,ProcessName,ProcessAgeSeconds,ProcessImageEntropy,SessionId,IsElevated,FirstSeenTime,LastSeenTime,OperationDurationSec,ProcessCreateTime,TotalOperationCount,CreateOperationCount,ModifyOperationCount,DeleteOperationCount,QueryOperationCount,UniqueKeysAccessed,AutorunKeysAccessed,SecurityKeysAccessed,FileAssocKeysAccessed,NetworkingKeysAccessed,ServicesKeysAccessed,SensitiveKeysAccessed,ProcessHijackKeysAccessed,DllHijackKeysAccessed,ComObjectKeysAccessed,OperationBurstCount,MaxOperationsPerBurst,BurstIntervalMs,OperationDensityPerMin,TimingVariance,RemoteOperationCount,FileExtensionModificationCount,SecuritySettingModificationCount,WritesToReadsRatio,RegistryKeyDepthMax,RegistryValueEntropyAvg,ComRegistryModifications,CriticalSystemKeyModifications,Cluster
936,\Device\HarddiskVolume4\Windows\System32\services.exe,508,258,0,1,1746013719,1746014228,509,1746013719,5029,0,7,0,5022,5029,0,0,0,0,0,0,48,0,0,14,4422,33994135,590,0,0,0,0,0,9,230,0,0,0
3560,\Device\HarddiskVolume4\ProgramData\Microsoft\Windows Defender\Platform\4.18.25030.2-0\MsMpEng.exe,509,281,0,1,1746013720,1746014229,509,1746013720,8823,572,13,1,8237,8811,0,1817,522,0,0,207,0,0,6,12,10813,60411817,1037,0,0,0,8,7,10,192,0,0,3
4740,\Device\HarddiskVolume4\Windows\System32\sihost.exe,490,280,0,1,1746013720,1746014210,490,1746013720,23011,722,4,0,22285,23011,4,0,6000,0,0,0,0,0,0,13,13734,45322247,2816,0,0,0,0,3,14,0,0,0,0
684,\Device\HarddiskVolume4\Windows\System32\svchost.exe,490,281,0,1,1746013720,1746014222,501,1746013720,28882,661,189,12,28020,28762,0,0,2999,0,0,624,96,0,62,10,2250,107472180,3526,0,0,0,0,3,16,254,0,0,0
5320,\Device\HarddiskVolume4\Windows\SystemApps\MicrosoftWindows.Client.CBS_cw5n1h2txyewy\SearchHost.exe,403,289,0,1,1746013720,1746014124,403,1746013720,12017,430,57,8,11522,11633,0,0,973,0,0,0,0,0,0,6,4013,339673935,1786,0,0,0,0,4,13,309,0,0,0
2444,\Device\HarddiskVolume4\Windows\System32\svchost.exe,501,281,0,1,1746013720,1746014222,501,1746013720,61014,311,1300,1,59402,60942,0,0,350,0,0,103,0,0,0,17,42034,14330225,7305,0,0,0,0,2,9,147,0,0,0
8876,\Device\HarddiskVolume4\Windows\System32\SecurityHealthService.exe,508,306,0,1,1746013721,1746014229,508,1746013721,2006,51,4,1,1950,1970,0,27,584,0,0,0,0,0,0,5,143658,603911736,236,0,0,0,0,2,10,100,0,0,0
572,\Device\HarddiskVolume4\Windows\System32\svchost.exe,506,281,0,1,1746013721,1746014229,508,1746013721,26797,48,1,0,26748,26797,0,0,17626,0,0,0,0,0,656,9,4119,143305371,3166,0,0,0,0,0,13,0,0,0,0
3500,\Device\HarddiskVolume4\Windows\System32\svchost.exe,508,281,0,1,1746013722,1746014231,508,1746013722,17404,5248,0,0,12156,17349,0,0,1068,0,0,0,0,0,0,15,30945,25484703,2055,0,0,0,0,43,9,0,0,0,0
8448,\Device\HarddiskVolume4\Program Files (x86)\Microsoft\Edge\Application\msedge.exe,227,260,0,1,1746013725,1746013954,228,1746013725,15198,136,131,0,14931,15181,0,0,7776,0,0,90,0,0,18,3,768,805258000,3991,0,0,0,0,1,13,328,0,0,0
976,\Device\HarddiskVolume4\Windows\System32\lsass.exe,504,255,0,1,1746013726,1746014233,506,1746013726,3624,42,43,0,3539,3608,0,0,0,0,0,2355,0,0,0,0,0,0,428,0,0,0,0,2,10,205,0,0,0
1904,\Device\HarddiskVolume4\Windows\System32\VBoxService.exe,361,266,0,1,1746013726,1746014233,506,1746013726,282,0,0,0,282,282,0,0,0,0,0,0,0,0,0,0,0,0,33,0,0,0,0,0,9,0,0,0,0
5580,\Device\HarddiskVolume4\Windows\explorer.exe,499,250,0,1,1746013726,1746014233,506,1746013726,696277,5381,1028,34,689834,694005,0,143,281268,0,0,88,0,0,131,5,717,452971444,83711,0,0,0,0,0,15,434,0,0,1
1772,\Device\HarddiskVolume4\Windows\System32\svchost.exe,191,281,0,1,1746013727,1746014228,501,1746013727,175,0,2,0,173,175,0,0,66,0,0,0,0,0,0,7,10079,254726305,31,0,0,0,0,2,12,0,0,0,0
2388,\Device\HarddiskVolume4\Windows\System32\svchost.exe,501,281,0,1,1746013727,1746014228,501,1746013727,6797,28,0,0,6769,6783,0,0,0,0,0,0,0,0,0,10,20252,107461272,802,0,0,0,0,0,9,0,0,0,0
5720,\Device\HarddiskVolume4\Windows\SystemApps\Microsoft.Windows.StartMenuExperienceHost_cw5n1h2txyewy\StartMenuExperienceHost.exe,387,311,0,1,1746013727,1746014117,389,1746013727,6867,18,15,0,6834,6859,0,0,464,0,0,0,0,0,0,7,8341,254758295,1054,0,0,0,0,0,13,389,0,0,0
716,\Device\HarddiskVolume4\Windows\System32\csrss.exe,499,255,0,1,1746013727,1746014228,500,1746013727,1133,0,0,0,1133,1133,0,0,0,0,0,0,0,0,0,12,8019,60437205,132,0,0,0,0,0,11,0,0,0,0
6696,\Device\HarddiskVolume4\Windows\System32\wbem\WmiPrvSE.exe,11,291,0,1,1746013727,1746013876,148,1746013727,331,3,4,2,322,331,0,0,197,0,0,0,0,0,0,3,14787,805279833,1636,0,0,0,0,2,8,301,0,0,2
7172,\Device\HarddiskVolume4\Windows\System32\svchost.exe,14,281,0,1,1746013728,1746014125,397,1746013728,1186,4,1,0,1181,1186,0,0,5,0,0,0,0,0,0,1,2100,4294879998,4714,0,0,0,0,0,12,0,0,0,2
7508,\Device\HarddiskVolume4\Windows\System32\ctfmon.exe,498,290,0,1,1746013728,1746014226,498,1746013728,139319,198,188,0,138933,139319,0,0,194,0,0,0,0,0,0,5,5486,452958024,16783,0,0,0,0,0,13,471,0,0,0
1784,\Device\HarddiskVolume4\Windows\System32\svchost.exe,429,281,0,1,1746013728,1746014210,482,1746013728,1828,2,1,0,1825,1826,0,0,322,0,0,0,0,0,1,10,50420,107467947,251,0,0,0,0,0,12,0,0,0,0
6876,\Device\HarddiskVolume4\Windows\System32\svchost.exe,370,281,0,1,1746013728,1746014115,387,1746013728,539,0,1,0,538,539,0,0,272,0,0,0,0,0,0,3,346,805196050,81,0,0,0,0,0,12,457,0,0,0
7020,\Device\HarddiskVolume4\Windows\System32\RuntimeBroker.exe,387,320,0,1,1746013728,1746014115,387,1746013728,31597,284,4,0,31309,31444,0,0,3146,0,0,0,0,0,0,4,4541,603893676,4883,0,0,0,0,0,13,552,0,0,0
6964,\Device\HarddiskVolume4\Windows\System32\svchost.exe,500,281,0,1,1746013728,1746014228,500,1746013728,804,56,29,5,714,804,0,0,116,0,0,0,0,0,0,4,4526,603888868,96,0,0,0,0,12,10,237,0,0,0
4252,\Device\HarddiskVolume4\Windows\System32\svchost.exe,419,281,0,1,1746013728,1746014210,482,1746013728,5286,0,1,0,5285,5286,0,0,972,0,0,0,0,0,0,5,15803,452921884,744,0,0,0,0,0,13,391,0,0,0
3188,\Device\HarddiskVolume4\Windows\System32\dllhost.exe,0,281,0,1,1746013728,1746013736,7,1746013728,459,0,0,0,459,459,0,0,325,0,0,0,0,0,11,0,0,0,0,0,0,0,0,0,9,0,0,0,2
5128,\Device\HarddiskVolume4\Windows\System32\taskhostw.exe,482,276,0,1,1746013728,1746014210,482,1746013728,2223,0,0,0,2223,2223,0,0,200,0,0,0,0,0,0,10,8114,107478788,273,0,0,0,0,0,12,0,0,0,0
1304,\Device\HarddiskVolume4\Windows\System32\dwm.exe,365,235,0,1,1746013728,1746014202,474,1746013728,450,12,10,0,428,444,0,0,0,0,0,0,0,0,0,8,2466,191077205,65,0,0,0,0,5,12,0,0,0,0
2924,\Device\HarddiskVolume4\Windows\System32\svchost.exe,505,281,0,1,1746013728,1746014233,505,1746013728,1001,40,0,0,961,1001,0,0,0,0,0,0,0,0,0,11,11385,80583923,118,0,0,0,0,4,9,0,0,0,0
6012,\Device\HarddiskVolume4\Windows\System32\svchost.exe,471,281,0,1,1746013728,1746014199,471,1746013728,589,0,0,0,589,589,0,0,388,0,0,0,0,0,1,1,1323,4294498803,63,0,0,0,0,0,12,0,0,0,0
5716,\Device\HarddiskVolume4\Windows\System32\svchost.exe,192,281,0,1,1746013730,1746013922,192,1746013730,1000,8,0,1,991,996,0,0,145,0,0,0,0,0,0,2,493,1073666943,312,0,0,0,0,0,13,0,0,0,2
788,\Device\HarddiskVolume4\Windows\System32\csrss.exe,438,255,0,1,1746013731,1746014234,502,1746013731,3515,0,1,0,3514,3515,0,0,0,0,0,0,0,0,0,9,23966,143301736,479,0,0,0,0,0,11,0,0,0,0
4552,\Device\HarddiskVolume4\Windows\System32\svchost.exe,0,281,0,1,1746013732,1746014230,497,1746013732,33,0,1,0,32,33,0,0,0,0,0,0,0,0,0,1,1738,4294646463,0,0,0,0,0,0,8,0,0,0,2
3440,\Device\HarddiskVolume4\Windows\System32\svchost.exe,494,281,0,1,1746013734,1746014229,495,1746013734,16602,164,44,0,16394,16602,0,0,104,0,0,104,0,0,0,18,20215,10743783,2016,0,0,0,0,1,10,133,0,0,0
5440,\Device\HarddiskVolume4\Windows\System32\svchost.exe,400,281,0,1,1746013734,1746014134,400,1746013734,107428,5342,1,0,102085,107428,0,0,260,0,0,0,0,0,0,7,10662,254754862,16110,0,0,0,0,5,11,554,0,0,0
7208,\Device\HarddiskVolume4\Windows\System32\sppsvc.exe,0,270,0,1,1746013734,1746013734,0,1746013734,53,0,0,0,53,53,0,0,29,0,0,0,0,0,3,0,0,0,0,0,0,0,0,0,7,0,0,0,2
1620,\Device\HarddiskVolume4\Windows\System32\svchost.exe,492,281,0,1,1746013734,1746014228,493,1746013734,2179,21,63,30,2065,2175,0,0,4,0,0,0,0,0,0,4,3826,603937265,256,0,0,0,0,5,14,359,0,0,0
3796,\Device\HarddiskVolume4\Windows\System32\ApplicationFrameHost.exe,402,316,0,1,1746013734,1746014137,402,1746013734,7903,26,21,22,7834,7903,0,0,4292,0,0,0,0,0,9,6,4729,339668866,1179,0,0,0,0,0,14,125,0,0,0
1980,\Device\HarddiskVolume4\Windows\System32\svchost.exe,478,281,0,1,1746013734,1746014213,478,1746013734,403,0,1,0,402,403,0,0,0,0,0,0,0,0,0,7,15200,254735046,50,0,0,0,0,0,9,0,0,0,0
3824,\Device\HarddiskVolume4\Windows\ImmersiveControlPanel\SystemSettings.exe,60,300,0,1,1746013735,1746013806,71,1746013735,41656,583,36,0,41037,41556,0,0,3546,0,0,486,34,0,12,1,47,4294956253,41600,0,0,0,0,1,15,280,0,0,2
4,\Device\HarddiskVolume4\Program Files (x86)\Microsoft\Edge\Application\msedge.exe,492,0,0,1,1746013735,1746014227,492,1746013735,210,31,63,77,39,210,0,0,0,0,0,0,0,0,0,13,7959,45322014,24,0,0,0,0,440,9,178,0,0,0
4628,\Device\HarddiskVolume4\Windows\System32\svchost.exe,0,281,0,1,1746013735,1746014036,300,1746013735,54,14,1,0,39,50,0,0,0,0,0,0,0,0,0,2,2444,1073689014,0,0,0,0,0,0,8,0,0,0,2
1200,\Device\HarddiskVolume4\Windows\System32\svchost.exe,0,281,0,1,1746013735,1746013955,219,1746013735,9,0,1,0,8,9,0,0,0,0,0,0,0,0,0,3,4578,805204530,0,0,0,0,0,0,8,0,0,0,2
1356,\Device\HarddiskVolume4\Program Files (x86)\Microsoft\Edge\Application\msedge.exe,0,260,0,1,1746013736,1746013736,0,1746013736,72,1,1,0,70,71,0,0,0,0,0,0,0,0,3,0,0,0,0,0,0,0,0,0,9,250,0,0,2
3056,\Device\HarddiskVolume4\Windows\System32\svchost.exe,397,281,0,1,1746013736,1746014159,422,1746013736,1277,0,1,0,1276,1277,0,0,203,0,0,0,0,0,0,13,19190,45323815,181,0,0,0,0,0,8,0,0,0,0
6308,\Device\HarddiskVolume4\Windows\System32\svchost.exe,398,281,0,1,1746013736,1746014134,398,1746013736,1380,84,0,0,1296,1380,0,0,353,0,0,0,34,0,8,5,6080,452906197,195,0,0,0,0,5,13,0,0,0,0
648,\Device\HarddiskVolume4\Windows\System32\dllhost.exe,0,281,0,1,1746013736,1746013744,7,1746013736,1677,0,0,0,1677,1677,0,0,1388,0,0,0,0,0,13,0,0,0,0,0,0,0,0,0,9,0,0,0,2
2508,\Device\HarddiskVolume4\Windows\System32\svchost.exe,336,281,0,1,1746013737,1746014075,337,1746013737,3977,0,1,0,3976,3977,0,0,191,0,0,0,0,0,0,7,3706,254752361,696,0,0,0,0,0,11,0,0,0,0
3520,\Device\HarddiskVolume4\Program Files (x86)\Microsoft\EdgeWebView\Application\135.0.3179.98\msedgewebview2.exe,362,294,0,1,1746013738,1746014101,362,1746013738,901,24,4,0,873,901,0,0,68,0,0,0,0,0,0,2,3083,1073623756,149,0,0,0,0,3,12,258,0,0,0
3216,\Device\HarddiskVolume4\Windows\System32\svchost.exe,281,281,0,1,1746013738,1746014227,488,1746013738,869,0,0,0,869,869,0,0,0,0,0,18,0,0,0,5,2378,452917048,170,0,0,0,0,0,10,0,0,0,0
2360,\Device\HarddiskVolume4\Program Files (x86)\Microsoft\EdgeWebView\Application\135.0.3179.98\msedgewebview2.exe,0,294,0,1,1746013738,1746013739,0,1746013738,421,1,1,0,419,420,0,0,0,0,0,1,0,0,4,0,0,0,0,0,0,0,0,0,13,258,0,0,2
8392,\Device\HarddiskVolume4\Windows\System32\taskhostw.exe,1,276,0,1,1746013739,1746013740,1,1746013739,839,8,0,0,831,831,0,0,400,0,0,9,0,0,10,0,0,0,48000,0,0,0,0,1,9,0,0,0,2
1084,\Device\HarddiskVolume4\Windows\System32\svchost.exe,472,281,0,1,1746013739,1746014228,489,1746013739,130,0,0,0,130,130,0,0,0,0,0,0,0,0,0,5,7995,452935459,12,0,0,0,0,0,7,0,0,0,0
4796,\Device\HarddiskVolume4\Windows\System32\SecurityHealth\10.0.27777.1008-0\SecurityHealthHost.exe,1,313,0,1,1746013739,1746013740,1,1746013739,738,0,0,0,738,738,0,0,164,0,0,0,0,0,10,0,0,0,42000,0,0,0,0,0,9,0,0,0,2
6344,\Device\HarddiskVolume4\Program Files\WindowsApps\Microsoft.WidgetsPlatformRuntime_1.6.2.0_x64__8wekyb3d8bbwe\WidgetService\WidgetService.exe,193,299,0,1,1746013739,1746013932,193,1746013739,2330,0,0,0,2330,2330,0,0,1060,0,0,0,0,0,0,1,1463,4294783330,715,0,0,0,0,0,15,0,0,0,2
4308,\Device\HarddiskVolume4\Windows\System32\backgroundTaskHost.exe,0,327,0,1,1746013739,1746013740,0,1746013739,1422,14,0,0,1408,1420,0,0,423,0,0,0,0,0,9,0,0,0,0,0,0,0,0,1,12,0,0,0,2
3248,\Device\HarddiskVolume4\Windows\System32\svchost.exe,187,281,0,1,1746013740,1746013956,216,1746013740,2292,3,9,0,2280,2292,0,0,29,0,0,0,0,0,0,2,1322,1073622509,705,0,0,8,0,0,15,199,0,0,0
8812,\Device\HarddiskVolume4\Windows\System32\smartscreen.exe,466,259,0,1,1746013740,1746014207,467,1746013740,5384,413,8,0,4963,5376,0,0,765,0,0,492,0,0,0,9,22798,143268642,682,0,0,0,0,8,10,115,0,0,0
8484,\Device\HarddiskVolume4\Windows\System32\SearchFilterHost.exe,0,319,0,1,1746013742,1746013742,0,1746013742,5,0,0,0,5,5,0,0,0,0,0,0,0,0,0,0,0,0,0,0,0,0,0,0,9,0,0,0,2
8320,\Device\HarddiskVolume4\Windows\System32\SearchFilterHost.exe,0,319,0,1,1746013742,1746013742,0,1746013742,12,0,0,0,12,12,0,0,3,0,0,0,0,0,0,0,0,0,0,0,0,0,0,0,9,0,0,0,2
8524,\Device\HarddiskVolume4\Windows\System32\SearchFilterHost.exe,0,319,0,1,1746013742,1746013742,0,1746013742,6,0,0,0,6,6,0,0,1,0,0,0,0,0,0,0,0,0,0,0,0,0,0,0,9,0,0,0,2
8016,\Device\HarddiskVolume4\Windows\System32\SearchIndexer.exe,420,294,0,1,1746013742,1746014170,428,1746013742,2899,0,32,0,2867,2899,0,0,1433,0,0,0,0,0,1,10,25033,107463242,400,0,0,0,0,1,9,113,0,0,0
8072,\Device\HarddiskVolume4\Program Files (x86)\Microsoft\EdgeWebView\Application\135.0.3179.98\msedgewebview2.exe,0,294,0,1,1746013743,1746014101,357,1746013743,18,0,0,0,18,18,0,0,0,0,0,0,0,0,0,2,2704,1073621847,0,0,0,0,0,0,9,0,0,0,2
6188,\Device\HarddiskVolume4\Program Files\WindowsApps\MicrosoftWindows.Client.WebExperience_525.8401.30.0_x64__cw5n1h2txyewy\Dashboard\Widgets.exe,204,272,0,1,1746013745,1746014079,333,1746013745,6230,144,22,0,6064,6198,0,0,2147,0,0,0,0,0,0,5,20418,452923077,1823,0,0,0,0,2,13,209,0,0,0
4932,\Device\HarddiskVolume4\Windows\System32\svchost.exe,211,281,0,1,1746013745,1746014233,487,1746013745,328,0,5,0,323,328,0,0,198,0,0,0,0,0,0,7,9660,254719462,85,0,0,0,0,1,9,447,0,0,0
5492,\Device\HarddiskVolume4\Program Files (x86)\Microsoft\EdgeWebView\Application\135.0.3179.98\msedgewebview2.exe,0,294,0,1,1746013747,1746013747,0,1746013747,64,1,1,0,62,63,0,0,0,0,0,0,0,0,3,0,0,0,0,0,0,0,0,0,9,258,0,0,2
800,\Device\HarddiskVolume4\Windows\System32\wininit.exe,0,254,0,1,1746013750,1746014197,446,1746013750,22,0,2,0,20,22,0,0,0,0,0,0,0,0,0,6,6347,339670612,0,0,0,0,0,0,8,0,0,0,2
848,\Device\HarddiskVolume4\Windows\System32\winlogon.exe,0,275,0,1,1746013750,1746014197,446,1746013750,37,0,3,0,34,37,0,0,0,0,0,0,0,0,0,5,3821,452944269,0,0,0,0,0,0,8,0,0,0,2
3468,\Device\HarddiskVolume4\Windows\System32\svchost.exe,161,281,0,1,1746013758,1746014208,450,1746013758,195,13,16,0,166,195,0,0,0,0,0,0,0,0,0,8,11006,191050748,37,0,0,0,0,20,8,295,0,0,0
8244,\Device\HarddiskVolume4\Windows\System32\SearchProtocolHost.exe,0,304,0,1,1746013760,1746013760,0,1746013760,14,2,3,0,9,14,0,0,0,0,0,0,0,0,0,0,0,0,0,0,0,0,0,0,9,446,0,0,2
3732,\Device\HarddiskVolume4\Windows\System32\svchost.exe,0,281,0,1,1746013764,1746014020,255,1746013764,76,0,0,0,76,76,0,0,48,0,0,0,0,0,0,0,0,0,0,0,0,0,0,0,7,0,0,0,2
6212,\Device\HarddiskVolume4\Windows\System32\svchost.exe,0,281,0,1,1746013772,1746013772,0,1746013772,12,2,1,0,9,12,0,0,0,0,0,0,0,0,0,0,0,0,0,0,0,0,0,0,9,443,0,0,2
4384,\Device\HarddiskVolume4\Windows\System32\svchost.exe,148,281,0,1,1746013776,1746013957,181,1746013776,1257,0,3,0,1254,1257,0,0,832,0,0,0,0,0,0,3,12541,805221033,486,0,0,0,0,0,9,333,0,0,2
2800,\Device\HarddiskVolume4\Windows\System32\msiexec.exe,17,254,0,1,1746013776,1746013794,18,1746013776,440,0,2,0,438,440,0,0,135,0,0,0,0,0,8,1,3905,4294951637,1411,0,0,0,0,0,12,399,0,0,2
3676,\Device\HarddiskVolume4\Windows\System32\msiexec.exe,319,254,0,1,1746013777,1746014096,319,1746013777,20102,426,109,113,19454,20089,0,0,846,0,0,507,1,0,34,2,8468,1073543087,3780,0,0,22,0,3,12,204,0,0,0
4668,\Device\HarddiskVolume4\ProgramData\Microsoft\Windows Defender\Platform\4.18.25030.2-0\NisSrv.exe,0,290,0,1,1746013778,1746014220,441,1746013778,23,0,0,0,23,23,0,0,0,0,0,0,0,0,0,7,19435,254755326,0,0,0,0,0,0,2,0,0,0,2
5240,\Device\HarddiskVolume4\Windows\System32\svchost.exe,0,281,0,1,1746013778,1746014079,301,1746013778,376,0,0,0,376,376,0,0,0,0,0,0,34,0,4,2,658,1073647719,0,0,0,0,0,0,8,0,0,0,2
6252,\Device\HarddiskVolume4\Windows\System32\taskhostw.exe,11,276,0,1,1746013779,1746013790,11,1746013779,37215,2762,360,129,33964,37155,0,0,281,0,0,157,0,0,11,0,0,0,202909,0,0,0,0,9,11,296,0,0,0
7160,\Device\HarddiskVolume4\Windows\System32\sc.exe,0,233,0,1,1746013779,1746013780,0,1746013779,39,0,2,0,37,39,0,0,0,0,0,0,0,0,0,0,0,0,0,0,0,0,0,0,9,247,0,0,2
3028,\Device\HarddiskVolume4\Windows\System32\conhost.exe,0,281,0,1,1746013779,1746013780,0,1746013779,245,0,1,0,244,245,0,0,62,0,0,0,0,0,5,0,0,0,0,0,0,0,0,0,9,250,0,0,2
6416,\Device\HarddiskVolume4\Windows\System32\svchost.exe,2,281,0,1,1746013780,1746013790,10,1746013780,935,29,1,0,905,920,0,0,111,0,0,0,34,0,7,0,0,0,27000,0,0,0,0,3,10,0,0,0,2
7512,\Device\HarddiskVolume4\Program Files (x86)\Microsoft\Edge\Application\msedge.exe,1,260,0,1,1746013780,1746013782,1,1746013780,447,5,1,0,441,442,0,0,0,0,0,1,0,0,3,0,0,0,24000,0,0,0,0,1,13,250,0,0,2
2604,\Device\HarddiskVolume4\Windows\System32\svchost.exe,292,281,0,1,1746013780,1746014073,292,1746013780,255,0,0,0,255,255,0,0,0,0,0,0,0,0,2,2,2838,1073655257,41,0,0,0,0,0,9,0,0,0,2
3512,\Device\HarddiskVolume4\Windows\System32\svchost.exe,1,281,0,1,1746013780,1746013911,130,1746013780,2443,2,4,0,2437,2443,0,0,250,0,0,0,0,0,1,1,2198,4294839480,144000,0,0,0,0,0,10,411,0,0,2
7716,\Device\HarddiskVolume4\Windows\System32\backgroundTaskHost.exe,1,327,0,1,1746013781,1746013783,1,1746013781,1461,17,0,0,1444,1459,0,0,427,0,0,0,0,0,9,0,0,0,84000,0,0,0,0,1,12,0,0,0,2
8324,\Device\HarddiskVolume4\Windows\System32\RuntimeBroker.exe,30,320,0,1,1746013782,1746013860,78,1746013782,338,0,0,0,338,338,0,0,57,0,0,8,34,0,6,2,1744,1073707887,600,0,0,0,0,0,9,0,0,0,2
7340,\Device\HarddiskVolume4\Windows\System32\svchost.exe,340,281,0,1,1746013784,1746014125,340,1746013784,711,56,8,1,646,711,0,0,0,0,0,9,0,0,0,4,30558,603948457,123,0,0,0,0,9,10,250,0,0,0
6916,\Device\HarddiskVolume4\Windows\SysWOW64\msiexec.exe,0,254,0,1,1746013784,1746013794,9,1746013784,348,0,1,0,347,348,0,0,123,0,0,0,5,0,7,0,0,0,0,0,0,0,0,0,9,250,0,0,2
6448,\Device\HarddiskVolume4\Windows\System32\svchost.exe,359,281,0,1,1746013785,1746014145,359,1746013785,2867,64,7,0,2796,2839,0,0,46,0,0,0,0,0,0,6,9058,339682927,467,0,0,0,0,2,13,251,0,0,0
7668,\Device\HarddiskVolume4\Windows\System32\consent.exe,3,263,0,1,1746013785,1746013788,3,1746013785,4812,254,3,0,4555,4811,0,0,513,0,0,718,0,0,10,0,0,0,96000,0,0,0,0,5,13,289,0,0,2
4388,\Device\HarddiskVolume4\Windows\System32\ctfmon.exe,2,290,0,1,1746013785,1746013793,7,1746013785,4301,11,4,0,4286,4301,0,0,176,0,0,0,0,0,7,0,0,0,129000,0,0,0,0,0,11,451,0,0,2
5972,\Device\HarddiskVolume4\Windows\System32\audiodg.exe,287,281,0,1,1746013786,1746014073,287,1746013786,5823,103,0,0,5720,5823,0,0,1791,0,0,0,0,0,0,7,606,254754541,1212,0,0,0,0,1,13,0,0,0,0
2236,\Device\HarddiskVolume4\Windows\System32\svchost.exe,0,281,0,1,1746013786,1746014074,287,1746013786,33,0,0,0,33,33,0,0,0,0,0,0,0,0,0,2,1302,1073656618,0,0,0,0,0,0,6,0,0,0,2
3260,\Device\HarddiskVolume4\Windows\System32\sppsvc.exe,0,270,0,1,1746013787,1746013831,44,1746013787,964,13,1,0,950,952,0,0,29,0,0,18,0,0,8,1,37171,4294926964,0,0,0,0,0,1,10,400,0,0,2
6864,\Device\HarddiskVolume4\Windows\System32\RuntimeBroker.exe,311,320,0,1,1746013787,1746014213,425,1746013787,10429,56,16,0,10357,10397,0,0,5460,0,0,0,0,0,0,4,23856,603893949,2006,0,0,0,0,0,13,286,0,0,0
1368,\Device\HarddiskVolume4\Program Files (x86)\Folder Size Explorer\FolderSizeExplorer.exe,1,299,0,1,1746013791,1746013792,1,1746013791,2579,156,8,0,2415,2579,0,0,0,0,0,490,1,0,9,0,0,0,150000,0,0,0,0,7,10,115,0,0,2
8592,\Device\HarddiskVolume4\Windows\System32\SearchProtocolHost.exe,288,304,0,1,1746013794,1746014162,367,1746013794,8690,6,5,0,8679,8685,0,0,1258,0,0,0,0,0,7,7,10887,254755703,1791,0,0,0,0,0,12,357,0,0,0
1592,\Device\HarddiskVolume4\Windows\System32\backgroundTaskHost.exe,0,327,0,1,1746013812,1746013812,0,1746013812,1461,17,0,0,1444,1459,0,0,427,0,0,0,0,0,9,0,0,0,0,0,0,0,0,1,12,0,0,0,2
8044,\Device\HarddiskVolume4\Program Files (x86)\Microsoft\EdgeWebView\Application\135.0.3179.98\msedgewebview2.exe,0,294,0,1,1746013813,1746014096,283,1746013813,20,0,0,0,20,20,0,0,0,0,0,0,0,0,0,1,2964,4294694453,0,0,0,0,0,0,8,0,0,0,2
7672,\Device\HarddiskVolume4\Windows\System32\consent.exe,2,263,0,1,1746013816,1746013819,3,1746013816,4616,255,13,0,4348,4615,0,0,535,0,0,676,0,0,10,0,0,0,138000,0,0,0,0,6,13,269,0,0,2
8548,\Device\HarddiskVolume4\Windows\System32\ctfmon.exe,2,290,0,1,1746013816,1746013822,6,1746013816,4316,12,5,0,4299,4316,0,0,188,0,0,0,0,0,7,0,0,0,129000,0,0,0,0,0,11,474,0,0,2
6072,\Device\HarddiskVolume4\Program Files (x86)\Microsoft\EdgeWebView\Application\135.0.3179.98\msedgewebview2.exe,0,294,0,1,1746013818,1746013819,0,1746013818,64,1,1,0,62,63,0,0,0,0,0,0,0,0,3,0,0,0,0,0,0,0,0,0,9,258,0,0,2
1600,\Device\HarddiskVolume4\Windows\System32\svchost.exe,0,281,0,1,1746013818,1746013907,88,1746013818,358,24,7,0,327,358,0,0,100,0,0,0,0,0,0,1,364,4294955579,0,0,0,0,0,10,9,125,0,0,2
8636,\Device\HarddiskVolume4\Windows\regedit.exe,56,263,0,1,1746013819,1746013892,72,1746013819,763,2,17,6,738,763,0,0,156,0,0,0,0,0,8,1,1613,4294947056,750,0,0,0,0,1,12,256,0,0,2
6676,\Device\HarddiskVolume4\Windows\System32\backgroundTaskHost.exe,0,327,0,1,1746013826,1746013827,0,1746013826,1422,14,0,0,1408,1420,0,0,423,0,0,0,0,0,9,0,0,0,0,0,0,0,0,1,12,0,0,0,2
9048,\Device\HarddiskVolume4\Users\fwisk\AppData\Local\Microsoft\OneDrive\OneDrive.exe,117,266,0,1,1746013829,1746014099,270,1746013829,412,0,2,0,410,412,0,0,283,0,0,0,0,0,0,3,19305,805205883,205,0,0,0,0,0,8,453,0,0,2
5076,\Device\HarddiskVolume4\Users\fwisk\AppData\Local\Microsoft\OneDrive\25.065.0406.0002\FileCoAuth.exe,0,289,0,1,1746013832,1746013832,0,1746013832,928,0,0,0,928,928,0,0,101,0,0,26,0,0,8,0,0,0,0,0,0,0,0,0,10,0,0,0,2
9072,\Device\HarddiskVolume4\Windows\System32\rundll32.exe,0,283,0,1,1746013832,1746013833,0,1746013832,65,0,1,0,64,65,0,0,0,0,0,0,0,0,3,0,0,0,0,0,0,0,0,0,9,250,0,0,2
8336,\Device\HarddiskVolume4\Windows\System32\dllhost.exe,0,281,0,1,1746013837,1746013843,6,1746013837,434,0,0,0,434,434,0,0,297,0,0,0,0,0,13,0,0,0,0,0,0,0,0,0,9,0,0,0,2
8892,\Device\HarddiskVolume4\Windows\System32\taskhostw.exe,0,276,0,1,1746013843,1746013845,1,1746013843,183,6,13,0,164,183,0,0,29,0,0,0,0,0,6,0,0,0,0,0,0,0,0,0,9,499,0,0,2
8388,\Device\HarddiskVolume4\Windows\System32\wbem\WMIADAP.exe,35,281,0,1,1746013847,1746013882,35,1746013847,4366,3,24,19,4320,4366,0,0,210,0,0,0,0,0,6,0,0,0,7371,0,0,0,0,0,10,250,0,0,2
6456,\Device\HarddiskVolume4\Windows\System32\wbem\WmiPrvSE.exe,0,291,0,1,1746013847,1746013847,0,1746013847,698,19,16,5,658,697,0,0,395,0,0,0,0,0,6,0,0,0,0,0,0,0,0,0,8,347,0,0,2
6996,\Device\HarddiskVolume4\Program Files (x86)\Microsoft\Edge\Application\msedge.exe,0,260,0,1,1746013859,1746013884,25,1746013859,72,1,1,0,70,71,0,0,0,0,0,0,0,0,3,1,239,4294941940,0,0,0,0,0,0,9,250,0,0,2
1380,\Device\HarddiskVolume4\Windows\System32\svchost.exe,0,281,0,1,1746013893,1746014202,308,1746013893,10,0,1,0,9,10,0,0,0,0,0,0,0,0,0,1,1367,4294660600,0,0,0,0,0,0,9,0,0,0,2
1536,\Device\HarddiskVolume4\Windows\System32\cmd.exe,250,235,0,1,1746013894,1746014234,339,1746013894,942,8,2,0,932,942,0,0,39,0,0,0,52,0,5,3,22135,805259455,216,0,0,0,0,1,12,258,0,0,0
952,\Device\HarddiskVolume4\Windows\System32\calc.exe,0,225,0,1,1746013894,1746013895,0,1746013894,2040,6,3,0,2031,2039,0,0,407,0,0,0,0,0,12,0,0,0,0,0,0,0,0,0,15,163,0,0,2
8536,\Device\HarddiskVolume4\Program Files\WindowsApps\Microsoft.WindowsCalculator_11.2502.2.0_x64__8wekyb3d8bbwe\CalculatorApp.exe,1,326,0,1,1746013894,1746013896,1,1746013894,8431,7,2,0,8422,8431,0,0,632,0,0,0,0,0,8,0,0,0,504000,0,0,0,0,0,13,314,0,0,2
3092,\Device\HarddiskVolume4\Windows\System32\spoolsv.exe,0,272,0,1,1746013895,1746013895,0,1746013895,9,0,3,0,6,9,0,0,0,0,0,0,0,0,0,0,0,0,0,0,0,0,0,0,8,0,0,0,2
2044,\Device\HarddiskVolume4\Windows\System32\svchost.exe,0,281,0,1,1746013896,1746013896,0,1746013896,10,0,0,0,10,10,0,0,0,0,0,0,0,0,0,0,0,0,0,0,0,0,0,0,7,0,0,0,2
1544,\Device\HarddiskVolume4\Windows\System32\RuntimeBroker.exe,0,320,0,1,1746013896,1746013924,28,1746013896,1276,0,1,0,1275,1276,0,0,406,0,0,0,34,0,9,1,2255,4294939486,0,0,0,0,0,0,13,250,0,0,2
3628,\Device\HarddiskVolume4\ProgramData\Microsoft\Windows Defender\Platform\4.18.25030.2-0\MpDefenderCoreService.exe,0,296,0,1,1746013898,1746014211,313,1746013898,24,0,0,0,24,24,0,8,0,0,0,0,0,0,0,2,8430,1073634903,0,0,0,0,0,0,8,0,0,0,2
6896,\Device\HarddiskVolume4\Users\fwisk\AppData\Local\Programs\Python\Python313\python.exe,0,290,0,1,1746013903,1746013904,1,1746013903,70,0,0,0,70,70,0,0,0,0,0,0,0,0,3,0,0,0,0,0,0,0,0,0,9,0,0,0,2
7552,\Device\HarddiskVolume4\Windows\System32\svchost.exe,82,281,0,1,1746013903,1746014222,318,1746013903,392,0,1,0,391,392,0,0,100,0,0,0,0,0,0,4,3483,603938844,219,0,0,0,0,0,9,0,0,0,2
2152,\Device\HarddiskVolume4\Windows\System32\svchost.exe,0,281,0,1,1746013903,1746013903,0,1746013903,93,1,0,0,92,92,0,0,80,0,0,0,0,0,0,0,0,0,0,0,0,0,0,0,9,0,0,0,2
576,\Device\HarddiskVolume4\Windows\System32\svchost.exe,0,281,0,1,1746013903,1746013990,87,1746013903,99,0,0,0,99,99,0,0,16,0,0,0,0,0,0,1,1362,4294880070,0,0,0,0,0,0,8,0,0,0,2
6940,\Device\HarddiskVolume4\Users\fwisk\AppData\Local\Programs\Python\Python313\Scripts\pip.exe,0,221,0,1,1746013908,1746013962,54,1746013908,48,0,0,0,48,48,0,0,0,0,0,0,0,0,0,0,0,0,0,0,0,0,0,0,9,0,0,0,2
6324,\Device\HarddiskVolume4\Users\fwisk\AppData\Local\Programs\Python\Python313\python.exe,5,290,0,1,1746013908,1746013962,54,1746013908,888,4,0,0,884,888,0,0,356,0,0,0,0,0,9,1,36,4294919880,9600,0,0,0,0,0,10,0,0,0,2
5920,\Device\HarddiskVolume4\Program Files (x86)\Microsoft\Edge\Application\msedge.exe,0,260,0,1,1746013910,1746013910,0,1746013910,167,25,6,0,136,142,0,0,0,0,0,0,0,0,3,0,0,0,0,0,0,0,0,35,10,147,0,0,2
6760,\Device\HarddiskVolume4\Program Files (x86)\Microsoft\Edge\Application\msedge.exe,0,260,0,1,1746013910,1746013953,43,1746013910,17,4,1,0,12,13,0,0,0,0,0,0,0,0,0,2,3715,1073727491,0,0,0,0,0,0,9,250,0,0,2
6780,\Device\HarddiskVolume4\Program Files (x86)\Microsoft\Edge\Application\msedge.exe,0,260,0,1,1746013910,1746013953,43,1746013910,58,0,1,0,57,58,0,0,0,0,0,0,0,0,2,1,1101,4294936432,0,0,0,0,0,0,9,250,0,0,2
8564,\Device\HarddiskVolume4\Program Files (x86)\Microsoft\Edge\Application\msedge.exe,0,260,0,1,1746013910,1746013936,25,1746013910,72,1,1,0,70,71,0,0,0,0,0,0,0,0,3,1,4696,4294943371,0,0,0,0,0,0,9,250,0,0,2
5384,\Device\HarddiskVolume4\Windows\System32\svchost.exe,15,281,0,1,1746013910,1746013957,46,1746013910,133,0,1,0,132,133,0,0,60,0,0,0,0,0,0,1,323,4294954038,400,0,0,0,0,1,9,420,0,0,2
6384,\Device\HarddiskVolume4\Program Files (x86)\Microsoft\Edge\Application\msedge.exe,0,260,0,1,1746013910,1746013953,42,1746013910,72,1,1,0,70,71,0,0,0,0,0,0,0,0,3,0,0,0,0,0,0,0,0,0,9,250,0,0,2
8300,\Device\HarddiskVolume4\Program Files (x86)\Microsoft\Edge\Application\msedge.exe,0,260,0,1,1746013912,1746013953,41,1746013912,78,1,1,0,76,77,0,0,0,0,0,0,0,0,3,1,811,4294925736,0,0,0,0,0,0,9,250,0,0,2
9136,\Device\HarddiskVolume4\Program Files (x86)\Microsoft\Edge\Application\msedge.exe,0,260,0,1,1746013912,1746013950,38,1746013912,81,1,1,0,79,80,0,0,0,0,0,0,0,0,3,1,322,4294930192,0,0,0,0,0,0,9,233,0,0,2
8864,\Device\HarddiskVolume4\Windows\System32\wbem\WmiPrvSE.exe,56,291,0,1,1746013912,1746014052,139,1746013912,912,40,5,4,863,886,0,0,449,0,0,0,0,0,6,2,281,1073689696,964,0,0,0,0,5,8,333,0,0,2
4704,\Device\HarddiskVolume4\Program Files (x86)\Microsoft\Edge\Application\msedge.exe,0,260,0,1,1746013914,1746013953,39,1746013914,81,1,1,0,79,80,0,0,0,0,0,0,0,0,3,0,0,0,0,0,0,0,0,0,9,250,0,0,2
2584,\Device\HarddiskVolume4\Program Files (x86)\Microsoft\Edge\Application\msedge.exe,0,260,0,1,1746013914,1746013953,38,1746013914,81,1,1,0,79,80,0,0,0,0,0,0,0,0,3,1,759,4294929301,0,0,0,0,0,0,9,241,0,0,2
9284,\Device\HarddiskVolume4\Program Files (x86)\Microsoft\Edge\Application\msedge.exe,0,260,0,1,1746013916,1746013952,35,1746013916,81,1,1,0,79,80,0,0,0,0,0,0,0,0,3,0,0,0,0,0,0,0,0,0,9,250,0,0,2
9312,\Device\HarddiskVolume4\Windows\System32\backgroundTaskHost.exe,0,327,0,1,1746013916,1746013917,0,1746013916,1422,14,0,0,1408,1420,0,0,423,0,0,0,0,0,9,0,0,0,0,0,0,0,0,1,12,0,0,0,2
9252,\Device\HarddiskVolume4\Program Files (x86)\Microsoft\EdgeWebView\Application\135.0.3179.98\msedgewebview2.exe,162,294,0,1,1746013916,1746014079,162,1746013916,9642,237,19,0,9386,9543,0,0,2683,0,0,48,0,0,12,1,3118,4294879047,3555,0,0,0,0,2,15,179,0,0,2
9376,\Device\HarddiskVolume4\Program Files (x86)\Microsoft\EdgeWebView\Application\135.0.3179.98\msedgewebview2.exe,0,294,0,1,1746013916,1746013916,0,1746013916,75,0,0,0,75,75,0,0,0,0,0,0,0,0,3,0,0,0,0,0,0,0,0,0,9,0,0,0,2
9536,\Device\HarddiskVolume4\Program Files (x86)\Microsoft\Edge\Application\msedge.exe,0,260,0,1,1746013917,1746013918,1,1746013917,81,1,1,0,79,80,0,0,0,0,0,0,0,0,3,0,0,0,0,0,0,0,0,0,9,241,0,0,2
9740,\Device\HarddiskVolume4\Program Files (x86)\Microsoft\Edge\Application\msedge.exe,0,260,0,1,1746013918,1746013926,8,1746013918,81,1,1,0,79,80,0,0,0,0,0,0,0,0,3,0,0,0,0,0,0,0,0,0,9,250,0,0,2
9800,\Device\HarddiskVolume4\Program Files (x86)\Microsoft\EdgeWebView\Application\135.0.3179.98\msedgewebview2.exe,0,294,0,1,1746013918,1746013920,1,1746013918,547,1,0,0,546,546,0,0,0,0,0,0,0,0,3,0,0,0,0,0,0,0,0,0,13,0,0,0,2
9888,\Device\HarddiskVolume4\Program Files (x86)\Microsoft\EdgeWebView\Application\135.0.3179.98\msedgewebview2.exe,0,294,0,1,1746013918,1746013954,35,1746013918,856,44,0,0,812,826,0,0,224,0,0,0,0,0,8,1,284,4294932093,0,0,0,0,0,5,10,0,0,0,2
9972,\Device\HarddiskVolume4\Program Files (x86)\Microsoft\EdgeWebView\Application\135.0.3179.98\msedgewebview2.exe,0,294,0,1,1746013918,1746013918,0,1746013918,68,1,0,0,67,67,0,0,0,0,0,0,0,0,3,0,0,0,0,0,0,0,0,0,8,0,0,0,2
10144,\Device\HarddiskVolume4\Program Files (x86)\Microsoft\Edge\Application\msedge.exe,0,260,0,1,1746013919,1746013952,33,1746013919,81,1,1,0,79,80,0,0,0,0,0,0,0,0,3,1,5337,4294936385,0,0,0,0,0,0,9,250,0,0,2
10156,\Device\HarddiskVolume4\Program Files (x86)\Microsoft\EdgeWebView\Application\135.0.3179.98\msedgewebview2.exe,0,294,0,1,1746013919,1746013919,0,1746013919,79,1,0,0,78,78,0,0,0,0,0,0,0,0,3,0,0,0,0,0,0,0,0,0,8,0,0,0,2
9360,\Device\HarddiskVolume4\Program Files (x86)\Microsoft\Edge\Application\msedge.exe,0,260,0,1,1746013921,1746013952,31,1746013921,81,1,1,0,79,80,0,0,0,0,0,0,0,0,3,0,0,0,0,0,0,0,0,0,9,241,0,0,2
3036,\Device\HarddiskVolume4\Program Files (x86)\Microsoft\Edge\Application\msedge.exe,0,260,0,1,1746013921,1746013928,7,1746013921,81,1,1,0,79,80,0,0,0,0,0,0,0,0,3,0,0,0,0,0,0,0,0,0,9,241,0,0,2
9544,\Device\HarddiskVolume4\Program Files (x86)\Microsoft\Edge\Application\msedge.exe,25,260,0,1,1746013921,1746013953,31,1746013921,1065,1,1,0,1063,1064,0,0,237,0,0,0,0,0,5,1,990,4294953902,2400,0,0,0,0,0,11,250,0,0,2
10584,\Device\HarddiskVolume4\Program Files (x86)\Microsoft\Edge\Application\msedge.exe,0,260,0,1,1746013924,1746013953,28,1746013924,78,1,1,0,76,77,0,0,0,0,0,0,0,0,3,0,0,0,0,0,0,0,0,0,9,250,0,0,2
10692,\Device\HarddiskVolume4\Program Files (x86)\Microsoft\Edge\Application\msedge.exe,0,260,0,1,1746013925,1746013928,2,1746013925,81,1,1,0,79,80,0,0,0,0,0,0,0,0,3,0,0,0,0,0,0,0,0,0,9,250,0,0,2
10720,\Device\HarddiskVolume4\Program Files (x86)\Microsoft\Edge\Application\msedge.exe,0,260,0,1,1746013925,1746013950,24,1746013925,81,1,1,0,79,80,0,0,0,0,0,0,0,0,3,1,215,4294943278,0,0,0,0,0,0,9,250,0,0,2
10904,\Device\HarddiskVolume4\Program Files (x86)\Microsoft\Edge\Application\msedge.exe,0,260,0,1,1746013926,1746013953,26,1746013926,81,1,1,0,79,80,0,0,0,0,0,0,0,0,3,1,181,4294941322,0,0,0,0,0,0,9,250,0,0,2
11060,\Device\HarddiskVolume4\Program Files (x86)\Microsoft\Edge\Application\msedge.exe,0,260,0,1,1746013927,1746013938,10,1746013927,81,1,1,0,79,80,0,0,0,0,0,0,0,0,3,0,0,0,0,0,0,0,0,0,9,250,0,0,2
5520,\Device\HarddiskVolume4\Program Files (x86)\Microsoft\Edge\Application\msedge.exe,0,260,0,1,1746013933,1746013941,7,1746013933,81,1,1,0,79,80,0,0,0,0,0,0,0,0,3,0,0,0,0,0,0,0,0,0,9,250,0,0,2
9552,\Device\HarddiskVolume4\Program Files (x86)\Microsoft\Edge\Application\msedge.exe,0,260,0,1,1746013938,1746013944,6,1746013938,81,1,1,0,79,80,0,0,0,0,0,0,0,0,3,0,0,0,0,0,0,0,0,0,9,250,0,0,2
3100,\Device\HarddiskVolume4\Program Files (x86)\Microsoft\Edge\Application\msedge.exe,0,260,0,1,1746013940,1746013944,4,1746013940,81,1,1,0,79,80,0,0,0,0,0,0,0,0,3,0,0,0,0,0,0,0,0,0,9,250,0,0,2
11376,\Device\HarddiskVolume4\Program Files (x86)\Microsoft\Edge\Application\msedge.exe,0,260,0,1,1746013942,1746013953,10,1746013942,72,1,1,0,70,71,0,0,0,0,0,0,0,0,3,1,566,4294957326,0,0,0,0,0,0,9,250,0,0,2
11400,\Device\HarddiskVolume4\Program Files (x86)\Microsoft\Edge\Application\msedge.exe,0,260,0,1,1746013942,1746013952,10,1746013942,81,1,1,0,79,80,0,0,0,0,0,0,0,0,3,0,0,0,0,0,0,0,0,0,9,250,0,0,2
11464,\Device\HarddiskVolume4\Program Files (x86)\Microsoft\Edge\Application\msedge.exe,0,260,0,1,1746013943,1746013946,3,1746013943,72,1,1,0,70,71,0,0,0,0,0,0,0,0,3,0,0,0,0,0,0,0,0,0,9,250,0,0,2
11496,\Device\HarddiskVolume4\Program Files (x86)\Microsoft\Edge\Application\msedge.exe,0,260,0,1,1746013943,1746013943,0,1746013943,78,1,1,0,76,77,0,0,0,0,0,0,0,0,3,0,0,0,0,0,0,0,0,0,9,250,0,0,2
11656,\Device\HarddiskVolume4\Program Files (x86)\Microsoft\Edge\Application\msedge.exe,1,260,0,1,1746013946,1746013948,1,1746013946,7433,12,9,0,7412,7428,0,34,1771,0,0,0,0,0,7,0,0,0,444000,0,0,0,0,0,13,148,0,0,2
11784,\Device\HarddiskVolume4\Program Files (x86)\Microsoft\Edge\Application\msedge.exe,1,260,0,1,1746013950,1746013953,3,1746013950,844,1,1,0,842,843,0,0,504,0,0,0,0,0,9,0,0,0,48000,0,0,0,0,0,9,250,0,0,2
11848,\Device\HarddiskVolume4\Windows\System32\RuntimeBroker.exe,1,320,0,1,1746013950,1746014011,61,1746013950,4717,1,15,0,4701,4717,0,0,1300,0,0,0,34,0,8,0,0,0,282000,0,0,0,0,0,12,116,0,0,2
11912,\Device\HarddiskVolume4\Windows\System32\SearchProtocolHost.exe,0,304,0,1,1746013951,1746014117,166,1746013951,743,0,0,0,743,743,0,0,494,0,0,0,0,0,7,1,36,4294801208,0,0,0,0,0,0,9,0,0,0,2
12028,\Device\HarddiskVolume4\Program Files (x86)\Microsoft\Edge\Application\msedge.exe,125,260,0,1,1746013953,1746014222,268,1746013953,20090,253,86,2,19749,20029,0,1,5892,0,0,52,0,0,12,3,58641,805283560,9600,0,0,0,0,1,15,268,0,0,0
12072,\Device\HarddiskVolume4\Program Files (x86)\Microsoft\Edge\Application\msedge.exe,0,260,0,1,1746013954,1746013954,0,1746013954,79,0,0,0,79,79,0,0,0,0,0,0,0,0,3,0,0,0,0,0,0,0,0,0,9,0,0,0,2
12264,\Device\HarddiskVolume4\Program Files (x86)\Microsoft\Edge\Application\msedge.exe,0,260,0,1,1746013955,1746013959,4,1746013955,539,1,0,0,538,538,0,0,0,0,0,0,0,0,3,0,0,0,0,0,0,0,0,0,13,0,0,0,2
8772,\Device\HarddiskVolume4\Program Files (x86)\Microsoft\Edge\Application\135.0.3179.98\elevation_service.exe,0,297,0,1,1746013955,1746013955,0,1746013955,179,0,0,0,179,179,0,0,53,0,0,0,0,0,6,0,0,0,0,0,0,0,0,0,9,0,0,0,2
12276,\Device\HarddiskVolume4\Program Files (x86)\Microsoft\Edge\Application\msedge.exe,0,260,0,1,1746013955,1746014043,87,1746013955,817,32,0,0,785,793,0,0,224,0,0,0,0,0,8,2,10156,1073703693,0,0,0,0,0,4,10,0,0,0,2
7484,\Device\HarddiskVolume4\Program Files (x86)\Microsoft\Edge\Application\msedge.exe,0,260,0,1,1746013955,1746013955,0,1746013955,70,1,0,0,69,69,0,0,0,0,0,0,0,0,3,0,0,0,0,0,0,0,0,0,8,0,0,0,2
5540,\Device\HarddiskVolume4\Windows\System32\backgroundTaskHost.exe,0,327,0,1,1746013956,1746013956,0,1746013956,1512,17,0,0,1495,1510,0,0,427,0,0,0,0,0,9,0,0,0,0,0,0,0,0,1,12,0,0,0,2
8380,\Device\HarddiskVolume4\Windows\System32\RuntimeBroker.exe,0,320,0,1,1746013956,1746014011,55,1746013956,263,0,0,0,263,263,0,0,49,0,0,8,34,0,6,0,0,0,0,0,0,0,0,0,9,0,0,0,2
11200,\Device\HarddiskVolume4\Program Files (x86)\Microsoft\Edge\Application\135.0.3179.98\identity_helper.exe,0,300,0,1,1746013956,1746013969,12,1746013956,7067,12,0,0,7055,7067,0,0,2095,0,0,0,0,0,9,0,0,0,0,0,0,0,0,0,13,0,0,0,2
9200,\Device\HarddiskVolume4\Program Files (x86)\Microsoft\Edge\Application\msedge.exe,0,260,0,1,1746013959,1746013959,0,1746013959,79,1,0,0,78,78,0,0,0,0,0,0,0,0,3,0,0,0,0,0,0,0,0,0,8,0,0,0,2
6568,\Device\HarddiskVolume4\Program Files (x86)\Microsoft\Edge\Application\msedge.exe,0,260,0,1,1746013959,1746014029,69,1746013959,73,1,1,0,71,72,0,0,0,0,0,0,0,0,3,0,0,0,0,0,0,0,0,0,9,250,0,0,2
5608,\Device\HarddiskVolume4\Program Files (x86)\Microsoft\Edge\Application\msedge.exe,0,260,0,1,1746013959,1746014000,41,1746013959,72,1,1,0,70,71,0,0,0,0,0,0,0,0,3,1,985,4294931851,0,0,0,0,0,0,9,250,0,0,2
8632,\Device\HarddiskVolume4\Users\fwisk\AppData\Local\Programs\Python\Python313\Scripts\pip.exe,0,221,0,1,1746013966,1746013990,24,1746013966,48,0,0,0,48,48,0,0,0,0,0,0,0,0,0,1,505,4294943345,0,0,0,0,0,0,9,0,0,0,2
1792,\Device\HarddiskVolume4\Users\fwisk\AppData\Local\Programs\Python\Python313\python.exe,4,290,0,1,1746013966,1746013990,23,1746013966,5849,149,0,0,5700,5842,0,0,1635,0,0,163,0,0,9,1,3334,4294947542,87000,0,0,0,0,2,10,0,0,0,2
5272,\Device\HarddiskVolume4\Windows\System32\dllhost.exe,0,281,0,1,1746013972,1746013979,6,1746013972,434,0,0,0,434,434,0,0,297,0,0,0,0,0,13,0,0,0,0,0,0,0,0,0,9,0,0,0,2
8708,\Device\HarddiskVolume4\Windows\System32\dllhost.exe,0,281,0,1,1746013977,1746013984,7,1746013977,1143,2,1,0,1140,1143,0,0,610,0,0,0,0,0,8,0,0,0,0,0,0,0,0,0,13,258,0,0,2
2472,\Device\HarddiskVolume4\Program Files (x86)\Microsoft\Edge\Application\msedge.exe,0,260,0,1,1746013983,1746013984,0,1746013983,79,1,0,0,78,78,0,0,0,0,0,0,0,0,3,0,0,0,0,0,0,0,0,0,8,0,0,0,2
8824,\Device\HarddiskVolume4\Windows\System32\svchost.exe,113,281,0,1,1746013983,1746014101,117,1746013983,3369,61,1,0,3307,3348,0,0,1133,0,0,2,34,0,17,2,6296,1073713626,1752,0,0,0,0,1,13,347,0,0,2
7648,\Device\HarddiskVolume4\Windows\System32\SearchFilterHost.exe,178,319,0,1,1746013984,1746014162,178,1746013984,949,1,0,0,948,948,0,0,535,0,0,0,0,0,7,0,0,0,303,0,0,0,0,0,9,0,0,0,2
5268,\Device\HarddiskVolume4\Program Files (x86)\Microsoft\Edge\Application\msedge.exe,0,260,0,1,1746013984,1746013984,0,1746013984,78,1,1,0,76,77,0,0,0,0,0,0,0,0,3,0,0,0,0,0,0,0,0,0,9,250,0,0,2
7380,\Device\HarddiskVolume4\Windows\System32\SearchFilterHost.exe,0,319,0,1,1746013984,1746013985,0,1746013984,315,0,0,0,315,315,0,0,177,0,0,0,0,0,7,0,0,0,0,0,0,0,0,0,8,0,0,0,2
9656,\Device\HarddiskVolume4\Windows\System32\dllhost.exe,0,281,0,1,1746013985,1746013993,7,1746013985,434,0,0,0,434,434,0,0,297,0,0,0,0,0,13,0,0,0,0,0,0,0,0,0,9,0,0,0,2
8500,\Device\HarddiskVolume4\Program Files (x86)\Microsoft\Edge\Application\msedge.exe,0,260,0,1,1746013994,1746013995,0,1746013994,275,5,1,0,269,270,0,0,83,0,0,0,0,0,5,0,0,0,0,0,0,0,0,2,9,250,0,0,2
5300,\Device\HarddiskVolume4\Program Files (x86)\Microsoft\Edge\Application\msedge.exe,0,260,0,1,1746013994,1746013995,0,1746013994,275,5,1,0,269,270,0,0,83,0,0,0,0,0,5,0,0,0,0,0,0,0,0,2,9,250,0,0,2
2128,\Device\HarddiskVolume4\Program Files (x86)\Microsoft\Edge\Application\msedge.exe,0,260,0,1,1746013995,1746013995,0,1746013995,93,5,1,0,87,88,0,0,0,0,0,0,0,0,3,0,0,0,0,0,0,0,0,0,9,250,0,0,2
4488,\Device\HarddiskVolume4\Windows\System32\svchost.exe,0,281,0,1,1746014031,1746014031,0,1746014031,246,45,16,0,185,246,0,0,0,0,0,0,0,0,0,0,0,0,0,0,0,0,0,32,9,125,0,0,2
3272,\Device\HarddiskVolume4\Program Files (x86)\Microsoft\Edge\Application\msedge.exe,0,260,0,1,1746014043,1746014043,0,1746014043,72,1,1,0,70,71,0,0,0,0,0,0,0,0,3,0,0,0,0,0,0,0,0,0,9,250,0,0,2
11872,\Device\HarddiskVolume4\Program Files (x86)\Microsoft\Edge\Application\msedge.exe,0,260,0,1,1746014052,1746014052,0,1746014052,72,1,1,0,70,71,0,0,0,0,0,0,0,0,3,0,0,0,0,0,0,0,0,0,9,250,0,0,2
4448,\Device\HarddiskVolume4\Users\fwisk\Downloads\FolderSizeExplorer-04-MAR-2018-V200\setup.exe,1,266,0,1,1746014053,1746014093,40,1746014053,2740,1,12,0,2727,2740,0,0,891,0,0,0,5,0,8,1,78,4294928433,162000,0,0,0,0,0,12,273,0,0,2
5624,\Device\HarddiskVolume4\Windows\SysWOW64\msiexec.exe,38,254,0,1,1746014054,1746014093,38,1746014054,6034,363,3,0,5668,5876,0,0,1104,0,0,80,5,0,9,1,789,4294954038,9473,0,0,0,0,6,11,217,0,0,2
6792,\Device\HarddiskVolume4\Windows\SysWOW64\msiexec.exe,0,254,0,1,1746014058,1746014093,35,1746014058,348,0,1,0,347,348,0,0,123,0,0,0,5,0,7,0,0,0,0,0,0,0,0,0,9,250,0,0,2
10464,\Device\HarddiskVolume4\Windows\System32\consent.exe,5,263,0,1,1746014073,1746014078,5,1746014073,4825,254,3,0,4568,4824,0,0,513,0,0,718,0,0,10,0,0,0,57600,0,0,0,0,5,13,289,0,0,2
10328,\Device\HarddiskVolume4\Windows\System32\ctfmon.exe,4,290,0,1,1746014073,1746014080,7,1746014073,4299,11,4,0,4284,4299,0,0,176,0,0,0,0,0,7,0,0,0,63000,0,0,0,0,0,11,474,0,0,2
1252,\Device\HarddiskVolume4\Windows\SysWOW64\msiexec.exe,0,254,0,1,1746014078,1746014080,2,1746014078,348,0,1,0,347,348,0,0,123,0,0,0,5,0,7,0,0,0,0,0,0,0,0,0,9,250,0,0,2
9240,\Device\HarddiskVolume4\Program Files (x86)\Folder Size Explorer\FolderSizeExplorer.exe,0,299,0,1,1746014079,1746014080,0,1746014079,2612,157,16,0,2439,2612,0,0,0,0,0,492,1,0,9,0,0,0,0,0,0,0,0,7,10,286,0,0,2
4416,\Device\HarddiskVolume4\Windows\System32\dllhost.exe,0,281,0,1,1746014079,1746014083,3,1746014079,434,0,0,0,434,434,0,0,297,0,0,0,0,0,13,0,0,0,0,0,0,0,0,0,9,0,0,0,2
5600,\Device\HarddiskVolume4\Program Files (x86)\Microsoft\Edge\Application\msedge.exe,0,260,0,1,1746014090,1746014091,0,1746014090,447,5,1,0,441,442,0,0,0,0,0,1,0,0,3,0,0,0,0,0,0,0,0,1,13,241,0,0,2
6472,\Device\HarddiskVolume4\Windows\System32\backgroundTaskHost.exe,0,327,0,1,1746014095,1746014096,0,1746014095,1461,17,0,0,1444,1459,0,0,427,0,0,0,0,0,9,0,0,0,0,0,0,0,0,1,12,0,0,0,2
12316,\Device\HarddiskVolume4\Windows\System32\RuntimeBroker.exe,0,320,0,1,1746014096,1746014130,34,1746014096,263,0,0,0,263,263,0,0,49,0,0,8,34,0,6,1,168,4294935046,0,0,0,0,0,0,9,0,0,0,2
12684,\Device\HarddiskVolume4\Program Files (x86)\Microsoft\EdgeWebView\Application\135.0.3179.98\msedgewebview2.exe,0,294,0,1,1746014101,1746014101,0,1746014101,64,1,1,0,62,63,0,0,0,0,0,0,0,0,3,0,0,0,0,0,0,0,0,0,9,250,0,0,2
12772,\Device\HarddiskVolume4\Windows\System32\dllhost.exe,0,281,0,1,1746014105,1746014109,4,1746014105,434,0,0,0,434,434,0,0,297,0,0,0,0,0,13,0,0,0,0,0,0,0,0,0,9,0,0,0,2
12888,\Device\HarddiskVolume4\Program Files (x86)\Folder Size Explorer\FolderSizeExplorer.exe,4,299,0,1,1746014117,1746014124,6,1746014117,23698,349,60,0,23289,23684,0,0,7277,0,0,530,1,0,20,0,0,0,354000,0,0,0,0,1,13,253,0,0,2
12980,\Device\HarddiskVolume4\Windows\System32\cmd.exe,0,235,0,1,1746014120,1746014120,0,1746014120,65,0,2,0,63,65,0,0,0,0,0,0,0,0,0,0,0,0,0,0,0,0,0,0,9,250,0,0,2
12988,\Device\HarddiskVolume4\Windows\System32\conhost.exe,0,281,0,1,1746014120,1746014120,0,1746014120,128,0,1,0,127,128,0,0,0,0,0,0,0,0,3,0,0,0,0,0,0,0,0,0,9,250,0,0,2
13020,\Device\HarddiskVolume4\Windows\System32\ARP.EXE,0,235,0,1,1746014120,1746014120,0,1746014120,203,4,0,0,199,203,0,0,0,0,0,0,0,0,0,0,0,0,0,0,0,0,0,2,10,0,0,0,2
13132,\Device\HarddiskVolume4\Windows\System32\taskhostw.exe,0,276,0,1,1746014128,1746014129,1,1746014128,135,1,3,0,131,135,0,0,29,0,0,0,0,0,6,0,0,0,0,0,0,0,0,0,9,382,0,0,2
13220,\Device\HarddiskVolume4\Windows\System32\calc.exe,1,225,0,1,1746014133,1746014134,1,1746014133,2037,6,3,0,2028,2036,0,0,407,0,0,0,0,0,12,0,0,0,120000,0,0,0,0,0,15,163,0,0,2
13288,\Device\HarddiskVolume4\Program Files\WindowsApps\Microsoft.WindowsCalculator_11.2502.2.0_x64__8wekyb3d8bbwe\CalculatorApp.exe,3,326,0,1,1746014133,1746014136,3,1746014133,8510,7,2,0,8501,8510,0,0,636,0,0,0,0,0,8,0,0,0,170000,0,0,0,0,0,13,314,0,0,2
12588,\Device\HarddiskVolume4\Windows\System32\RuntimeBroker.exe,0,320,0,1,1746014135,1746014195,60,1746014135,2573,0,1,0,2572,2573,0,0,439,0,0,0,34,0,9,1,21056,4294911874,0,0,0,0,0,0,13,258,0,0,2
12664,\Device\HarddiskVolume4\Program Files\WindowsApps\Microsoft.WindowsNotepad_11.2501.31.0_x64__8wekyb3d8bbwe\Notepad\Notepad.exe,0,272,0,1,1746014138,1746014139,0,1746014138,1249,11,2,0,1236,1246,0,0,0,0,0,0,70,0,5,0,0,0,0,0,0,0,0,0,13,258,0,0,2
12844,\Device\HarddiskVolume4\Program Files\WindowsApps\Microsoft.WindowsNotepad_11.2501.31.0_x64__8wekyb3d8bbwe\Notepad\Notepad.exe,2,272,0,1,1746014139,1746014142,3,1746014139,7170,44,8,0,7118,7167,0,0,774,0,0,0,52,0,12,0,0,0,213000,0,0,0,0,0,13,351,0,0,2
3920,\Device\HarddiskVolume4\Windows\System32\dllhost.exe,71,281,0,1,1746014140,1746014220,79,1746014140,2148,0,0,0,2148,2148,0,0,1827,0,0,0,0,0,13,2,11691,1073718857,1774,0,0,0,0,0,9,0,0,0,2
12984,\Device\HarddiskVolume4\Program Files (x86)\Microsoft\Edge\Application\msedge.exe,0,260,0,1,1746014143,1746014183,40,1746014143,72,1,1,0,70,71,0,0,0,0,0,0,0,0,3,1,852,4294929344,0,0,0,0,0,0,9,250,0,0,2
1540,\Device\HarddiskVolume4\Program Files\WindowsApps\Microsoft.WindowsNotepad_11.2501.31.0_x64__8wekyb3d8bbwe\Notepad\Notepad.exe,0,272,0,1,1746014145,1746014145,0,1746014145,1249,11,2,0,1236,1246,0,0,0,0,0,0,70,0,5,0,0,0,0,0,0,0,0,0,13,258,0,0,2
3360,\Device\HarddiskVolume4\Program Files\WindowsApps\Microsoft.WindowsNotepad_11.2501.31.0_x64__8wekyb3d8bbwe\Notepad\Notepad.exe,15,272,0,1,1746014145,1746014161,16,1746014145,56361,312,124,27,55898,56348,0,0,11446,0,0,0,52,0,27,0,0,0,225200,0,0,0,0,0,13,333,0,0,2
12536,\Device\HarddiskVolume4\Windows\System32\DataExchangeHost.exe,0,310,0,1,1746014148,1746014189,41,1746014148,197,0,1,0,196,197,0,0,45,0,0,0,0,0,6,1,2669,4294932000,0,0,0,0,0,0,11,250,0,0,2
13064,\Device\HarddiskVolume4\Windows\System32\wbem\WmiPrvSE.exe,24,291,0,1,1746014206,1746014231,24,1746014206,1245,14,23,21,1187,1244,0,0,447,0,0,0,0,0,6,1,2051,4294947177,3000,0,0,0,0,4,8,360,0,0,2
12504,\Device\HarddiskVolume4\Windows\System32\taskhostw.exe,5,276,0,1,1746014209,1746014215,5,1746014209,37148,2762,360,129,33897,37088,0,0,256,0,0,157,0,0,11,0,0,0,445200,0,0,0,0,9,11,247,0,0,0
5652,\Device\HarddiskVolume4\Windows\System32\backgroundTaskHost.exe,0,327,0,1,1746014210,1746014210,0,1746014210,1461,17,0,0,1444,1459,0,0,427,0,0,0,0,0,9,0,0,0,0,0,0,0,0,1,12,0,0,0,2
3268,\Device\HarddiskVolume4\Windows\System32\RuntimeBroker.exe,0,320,0,1,1746014210,1746014210,0,1746014210,262,0,0,0,262,262,0,0,49,0,0,8,34,0,6,0,0,0,0,0,0,0,0,0,9,0,0,0,2
7644,\Device\HarddiskVolume4\Windows\System32\sppsvc.exe,0,270,0,1,1746014213,1746014213,0,1746014213,911,13,1,0,897,899,0,0,0,0,0,18,0,0,5,0,0,0,0,0,0,0,0,1,10,400,0,0,2
13204,\Device\HarddiskVolume4\ProgramData\Microsoft\Windows Defender\Platform\4.18.25030.2-0\MpCmdRun.exe,0,291,0,1,1746014227,1746014227,0,1746014227,470,16,1,0,453,454,0,37,144,0,0,0,0,0,13,0,0,0,0,0,0,0,0,4,9,250,0,0,2
3228,\Device\HarddiskVolume4\Windows\System32\conhost.exe,0,281,0,1,1746014227,1746014227,0,1746014227,240,0,0,0,240,240,0,0,62,0,0,0,0,0,5,0,0,0,0,0,0,0,0,0,8,0,0,0,2
6320,\Device\HarddiskVolume4\ProgramData\Microsoft\Windows Defender\Platform\4.18.25030.2-0\MpCmdRun.exe,0,291,0,1,1746014227,1746014228,1,1746014227,279,17,4,0,258,279,0,16,31,0,0,0,0,0,9,0,0,0,0,0,0,0,0,0,10,477,0,0,2
9956,\Device\HarddiskVolume4\ProgramData\Microsoft\Windows Defender\Platform\4.18.25030.2-0\MpCmdRun.exe,0,291,0,1,1746014227,1746014229,1,1746014227,664,8,1,0,655,656,0,18,250,0,0,0,0,0,10,0,0,0,0,0,0,0,0,1,10,250,0,0,2
12340,\Device\HarddiskVolume4\Windows\System32\conhost.exe,0,281,0,1,1746014227,1746014227,0,1746014227,239,0,0,0,239,239,0,0,62,0,0,0,0,0,5,0,0,0,0,0,0,0,0,0,8,0,0,0,2
6432,\Device\HarddiskVolume4\Windows\System32\svchost.exe,5,281,0,1,1746014228,1746014234,6,1746014228,12770,1146,80,42,11502,12083,0,39,192,0,0,560,0,0,2,0,0,0,152400,0,0,0,0,11,10,111,0,0,2
6508,\Device\HarddiskVolume4\Users\fwisk\AppData\Local\Programs\Python\Python313\python.exe,0,290,0,1,1746014234,1746014234,0,1746014234,66,0,0,0,66,66,0,0,0,0,0,0,0,0,3,0,0,0,0,0,0,0,0,0,8,0,0,0,2
